label,final_performance,learning_speed,sample_efficiency,performance_index
SARSA α=0.3,-23.613333333333333,37,-36.73673333333333,0.9495877641674518
SARSA α=0.5,-28.292666666666666,15,-37.622,0.8868746779777839
SARSA α=0.1,-22.350666666666665,65,-51.6764,0.8252987155620293
SARSA α=0.05,-26.976666666666667,105,-75.5406,0.5199123272177808
Q-Learning α=0.5,-47.532,11,-56.062466666666666,0.42368487983748343
Q-Learning α=0.3,-50.46,9,-59.0298,0.35338869185373034
Q-Learning α=0.1,-52.06666666666667,38,-70.25133333333333,0.20873996979091208
Q-Learning α=0.05,-47.83266666666667,104,-88.08993333333333,0.07228274891192177
