label,final_performance,learning_speed,sample_efficiency,performance_index
SARSA α=0.3,-23.476,20,-36.668933333333335,0.9619965086614726
SARSA α=0.5,-26.488666666666667,13,-36.058933333333336,0.923015310610553
SARSA α=0.1 ε=0.1,-21.870666666666665,33,-51.28666666666667,0.8690709351255963
SARSA α=0.05,-29.182666666666666,144,-75.49166666666666,0.4870516129927939
Q-Learning α=0.3,-48.72266666666667,12,-58.4948,0.39627104568479127
Q-Learning α=0.5,-52.762,10,-56.23393333333333,0.3492745755283172
Q-Learning α=0.1 ε=0.1,-50.178,71,-70.6688,0.23773475825997364
Q-Learning α=0.05,-48.205333333333336,100,-89.6,0.10658897712056928
