label,final_performance,learning_speed,sample_efficiency,performance_index
SARSA Constant(0.1),-23.387333333333334,52,-51.8486,0.8617093739863768
SARSA ExponentialDecay,-22.858666666666668,17,-1126.6260666666667,0.8384199346980583
SARSA LinearDecay,-19.998666666666665,38,-2705.2162,0.665607064786625
Q-Learning Constant(0.1),-50.82866666666666,43,-71.3678,0.4360031334878641
Q-Learning ExponentialDecay,-46.492666666666665,18,-1788.6706,0.3817843113113427
Q-Learning LinearDecay,-33.415333333333336,59,-3783.8226,0.2824089090712509
