label,final_performance,learning_speed,sample_efficiency,performance_index
Q-Learning ε=ExponentialDecay,-13.504,45,-43.25213333333333,0.9947249750191031
SARSA ε=ExponentialDecay,-15.100666666666667,52,-42.8782,0.9574609448522492
SARSA ε=LinearDecay,-15.174666666666667,52,-46.85926666666667,0.9002559893167026
Q-Learning ε=LinearDecay,-14.854,68,-52.4322,0.780451749074337
SARSA α=0.1 ε=0.1,-22.240666666666666,65,-51.5402,0.6973339572293058
Q-Learning α=0.1 ε=0.1,-48.924,80,-71.2332,0.0
